,동,등록 자동차 수
0,가락1동,55
1,가락2동,20
2,가락본동,19
3,가리봉동,3
4,가산동,200
5,가양1동,115
6,가양2동,6
7,가양3동,5
8,가회동,8
9,갈현1동,8
10,갈현2동,7
11,강일동,35
12,개봉1동,18
13,개봉2동,13
14,개봉3동,2
15,개포1동,5
16,개포2동,22
17,개포4동,8
18,거여1동,7
19,거여2동,8
20,고덕1동,36
21,고덕2동,21
22,고척1동,20
23,고척2동,13
24,공덕동,44
25,공릉1동,21
26,공릉2동,22
27,공항동,38
28,광장동,26
29,광희동,21
30,교남동,8
31,구로1동,57
32,구로2동,33
33,구로3동,22
34,구로4동,5
35,구로5동,15
36,구산동,13
37,구의1동,11
38,구의2동,19
39,구의3동,13
40,군자동,5
41,금호1가동,11
42,금호2·3가동,20
43,금호4가동,16
44,길동,44
45,길음1동,33
46,길음2동,15
47,낙성대동,7
48,난곡동,7
49,난향동,10
50,남가좌1동,10
51,남가좌2동,11
52,남영동,10
53,남현동,12
54,내곡동,26
55,노량진1동,32
56,노량진2동,12
57,녹번동,43
58,논현1동,36
59,논현2동,29
60,능동,7
61,다산동,12
62,답십리1동,24
63,답십리2동,19
64,당산1동,50
65,당산2동,25
66,대림1동,8
67,대림2동,5
68,대림3동,6
69,대방동,16
70,대조동,5
71,대치1동,232
72,대치2동,1077
73,대치4동,3455
74,대학동,25
75,대흥동,7
76,도곡1동,32
77,도곡2동,44
78,도림동,9
79,도봉1동,10
80,도봉2동,14
81,도화동,25
82,독산1동,36
83,독산2동,5
84,독산3동,8
85,독산4동,5
86,돈암1동,7
87,돈암2동,28
88,동선동,5
89,동화동,6
90,둔촌2동,19
91,등촌1동,26
92,등촌2동,10
93,등촌3동,11
94,마장동,46
95,마천1동,21
96,마천2동,7
97,망우3동,10
98,망우본동,17
99,망원1동,11
100,망원2동,16
101,면목2동,14
102,면목3·8동,4
103,면목4동,5
104,면목5동,6
105,면목7동,10
106,면목본동,8
107,명동,112
108,명일1동,23
109,명일2동,12
110,목1동,28
111,목2동,17
112,목3동,10
113,목4동,13
114,목5동,36
115,무악동,7
116,묵1동,22
117,묵2동,4
118,문래동,17
119,문정1동,26
120,문정2동,36
121,미성동,7
122,미아동,17
123,반포1동,43
124,반포2동,68
125,반포3동,21
126,반포4동,21
127,반포본동,47
128,발산1동,35
129,방배1동,32
130,방배2동,17
131,방배3동,20
132,방배4동,23
133,방배본동,23
134,방이1동,25
135,방이2동,12
136,방학1동,44
137,방학2동,9
138,방학3동,11
139,방화1동,27
140,방화2동,20
141,방화3동,12
142,번1동,6
143,번2동,13
144,번3동,3
145,보광동,11
146,보라매동,13
147,보문동,15
148,부암동,10
149,북가좌1동,21
150,북가좌2동,13
151,북아현동,11
152,불광1동,11
153,불광2동,7
154,사근동,11
155,사당1동,14
156,사당2동,25
157,사당3동,20
158,사당4동,9
159,사당5동,15
160,사직동,26
161,삼각산동,19
162,삼선동,33
163,삼성1동,75
164,삼성2동,40
165,삼성동,5
166,삼양동,9
167,삼전동,26
168,삼청동,5
169,상계10동,8
170,상계1동,36
171,상계2동,16
172,상계3·4동,10
173,상계5동,11
174,상계6·7동,22
175,상계8동,8
176,상계9동,7
177,상도1동,26
178,상도2동,17
179,상도3동,13
180,상도4동,12
181,상봉1동,16
182,상봉2동,8
183,상암동,59
184,상일동,8
185,서강동,22
186,서교동,26
187,서림동,9
188,서빙고동,12
189,서원동,9
190,서초1동,418
191,서초2동,23
192,서초3동,35
193,서초4동,35
194,석관동,10
195,석촌동,27
196,성내1동,22
197,성내2동,40
198,성내3동,17
199,성북동,18
200,성산1동,23
201,성산2동,33
202,성수1가1동,235
203,성수1가2동,65
204,성수2가1동,26
205,성수2가3동,14
206,성현동,13
207,세곡동,77
208,소공동,43
209,송정동,8
210,송중동,12
211,송천동,9
212,송파1동,17
213,송파2동,13
214,수궁동,11
215,수색동,7
216,수서동,12
217,수유1동,9
218,수유2동,3
219,수유3동,23
220,숭인1동,1
221,시흥1동,33
222,시흥2동,18
223,시흥3동,9
224,시흥4동,10
225,시흥5동,6
226,신길1동,12
227,신길3동,5
228,신길4동,2
229,신길5동,5
230,신길6동,5
231,신길7동,16
232,신내1동,46
233,신내2동,28
234,신당5동,4
235,신당동,19
236,신대방1동,15
237,신대방2동,25
238,신도림동,21
239,신림동,11
240,신사1동,17
241,신사2동,11
242,신사동,28
243,신사동,12
244,신수동,21
245,신원동,4
246,신월1동,22
247,신월2동,3
248,신월3동,10
249,신월4동,9
250,신월5동,4
251,신월6동,16
252,신월7동,17
253,신정1동,39
254,신정2동,32
255,신정3동,19
256,신정4동,16
257,신정6동,43
258,신정7동,9
259,신촌동,8
260,쌍문1동,22
261,쌍문2동,7
262,쌍문3동,3
263,쌍문4동,9
264,아현동,21
265,안암동,6
266,암사1동,16
267,암사2동,11
268,암사3동,11
269,압구정동,26
270,약수동,7
271,양재1동,208
272,양재2동,66
273,양평1동,13
274,양평2동,36
275,여의동,1106
276,역삼1동,302
277,역삼2동,135
278,역촌동,13
279,연남동,14
280,연희동,54
281,염리동,9
282,염창동,22
283,영등포동,36
284,영등포본동,6
285,오금동,19
286,오류1동,11
287,오류2동,23
288,오륜동,19
289,옥수동,31
290,왕십리2동,3
291,왕십리도선동,16
292,용강동,18
293,용답동,19
294,용문동,9
295,용산2가동,2
296,용신동,32
297,우이동,10
298,우장산동,16
299,원효로1동,21
300,원효로2동,58
301,월계1동,9
302,월계2동,12
303,월계3동,11
304,월곡1동,7
305,월곡2동,13
306,위례동,40
307,은천동,9
308,을지로동,2
309,응봉동,3
310,응암1동,6
311,응암2동,16
312,응암3동,8
313,이문1동,12
314,이문2동,13
315,이촌1동,29
316,이촌2동,11
317,이태원1동,43
318,이태원2동,6
319,이화동,7
320,인수동,20
321,인헌동,8
322,일원1동,12
323,일원2동,35
324,일원본동,21
325,자양1동,31
326,자양2동,12
327,자양3동,21
328,자양4동,4
329,잠실2동,46
330,잠실3동,30
331,잠실4동,32
332,잠실6동,42
333,잠실7동,4
334,잠실본동,14
335,잠원동,26
336,장안1동,25
337,장안2동,9
338,장위1동,8
339,장위2동,6
340,장위3동,4
341,장지동,18
342,장충동,18
343,전농1동,20
344,전농2동,7
345,정릉1동,49
346,정릉2동,19
347,정릉3동,7
348,정릉4동,34
349,제기동,7
350,조원동,5
351,종로1·2·3·4가동,41
352,종로5·6가동,3
353,종암동,17
354,중계1동,9
355,중계2·3동,16
356,중계4동,18
357,중계본동,11
358,중곡1동,11
359,중곡2동,4
360,중곡3동,4
361,중곡4동,8
362,중림동,19
363,중앙동,10
364,중화1동,8
365,중화2동,6
366,증산동,7
367,진관동,81
368,창1동,22
369,창2동,13
370,창3동,7
371,창4동,19
372,창5동,11
373,창신1동,2
374,창신2동,2
375,창신3동,3
376,천연동,8
377,천호1동,8
378,천호2동,16
379,천호3동,15
380,청구동,8
381,청담동,53
382,청량리동,12
383,청룡동,58
384,청림동,6
385,청운효자동,20
386,청파동,11
387,충현동,23
388,평창동,38
389,풍납1동,14
390,풍납2동,20
391,필동,13
392,하계1동,12
393,하계2동,4
394,한강로동,44
395,한남동,39
396,합정동,18
397,행당1동,40
398,행당2동,14
399,행운동,10
400,혜화동,8
401,홍은1동,9
402,홍은2동,27
403,홍제1동,15
404,홍제2동,4
405,홍제3동,5
406,화곡1동,27
407,화곡2동,6
408,화곡3동,7
409,화곡4동,8
410,화곡6동,7
411,화곡8동,25
412,화곡본동,9
413,화양동,15
414,황학동,5
415,회기동,2
416,회현동,47
417,효창동,6
418,후암동,14
419,휘경1동,4
420,휘경2동,9
421,흑석동,14
